{"peoples":[{"id":1,"firstName":"Cecília","lastName":"Silva","avatar":"https://cdn.jsdelivr.net/gh/faker-js/assets-person-portrait/male/512/36.jpg","address":"82948 Rua Braga","email":"cecilia.silva@yahoo.com"},{"id":2,"firstName":"Théo","lastName":"Reis","avatar":"https://cdn.jsdelivr.net/gh/faker-js/assets-person-portrait/female/512/63.jpg","address":"212 Alameda Xavier","email":"theo.reis3@gmail.com"},{"id":3,"firstName":"Ana Laura","lastName":"Moraes","avatar":"https://avatars.githubusercontent.com/u/89350999","address":"40723 Travessa Santos","email":"analaura.moraes@yahoo.com"},{"id":4,"firstName":"Lara","lastName":"Saraiva","avatar":"https://cdn.jsdelivr.net/gh/faker-js/assets-person-portrait/male/512/14.jpg","address":"3842 Rodovia Moreira","email":"lara_saraiva@yahoo.com"},{"id":5,"firstName":"Samuel","lastName":"Melo","avatar":"https://cdn.jsdelivr.net/gh/faker-js/assets-person-portrait/male/512/50.jpg","address":"7680 Alameda Henrique","email":"samuel.melo54@yahoo.com"},{"id":6,"firstName":"Benjamin","lastName":"Batista","avatar":"https://cdn.jsdelivr.net/gh/faker-js/assets-person-portrait/female/512/31.jpg","address":"1719 Alameda Fábio","email":"benjamin_batista21@live.com"},{"id":7,"firstName":"Frederico","lastName":"Oliveira","avatar":"https://cdn.jsdelivr.net/gh/faker-js/assets-person-portrait/female/512/21.jpg","address":"312 Alameda Paula","email":"frederico_oliveira@yahoo.com"},{"id":8,"firstName":"Júlio César","lastName":"Batista","avatar":"https://cdn.jsdelivr.net/gh/faker-js/assets-person-portrait/male/512/20.jpg","address":"23691 Rua Santos","email":"juliocesar.batista84@live.com"},{"id":9,"firstName":"Fábio","lastName":"Costa","avatar":"https://avatars.githubusercontent.com/u/28378942","address":"834 Rodovia Aline","email":"fabio.costa50@bol.com.br"},{"id":10,"firstName":"Lavínia","lastName":"Saraiva","avatar":"https://avatars.githubusercontent.com/u/92630703","address":"224 Marginal Nataniel","email":"lavinia.saraiva39@gmail.com"},{"id":11,"firstName":"Valentina","lastName":"Batista","avatar":"https://avatars.githubusercontent.com/u/30343938","address":"184 Avenida Felícia","email":"valentina.batista@bol.com.br"},{"id":12,"firstName":"Morgana","lastName":"Barros","avatar":"https://cdn.jsdelivr.net/gh/faker-js/assets-person-portrait/female/512/89.jpg","address":"523 Rodovia Barros","email":"morgana.barros@bol.com.br"},{"id":13,"firstName":"Júlia","lastName":"Costa","avatar":"https://avatars.githubusercontent.com/u/21543994","address":"78559 Travessa Núbia","email":"julia_costa@gmail.com"},{"id":14,"firstName":"João","lastName":"Silva","avatar":"https://cdn.jsdelivr.net/gh/faker-js/assets-person-portrait/female/512/9.jpg","address":"65868 Travessa Théo","email":"joao_silva5@gmail.com"},{"id":15,"firstName":"Clara","lastName":"Martins","avatar":"https://avatars.githubusercontent.com/u/80401228","address":"35920 Rua Franco","email":"clara.martins7@live.com"},{"id":16,"firstName":"Maria","lastName":"Pereira","avatar":"https://cdn.jsdelivr.net/gh/faker-js/assets-person-portrait/male/512/79.jpg","address":"58569 Alameda Carvalho","email":"maria_pereira@live.com"},{"id":17,"firstName":"Aline","lastName":"Franco","avatar":"https://cdn.jsdelivr.net/gh/faker-js/assets-person-portrait/female/512/46.jpg","address":"7662 Rua Maria","email":"aline_franco@live.com"},{"id":18,"firstName":"Antônio","lastName":"Moraes","avatar":"https://avatars.githubusercontent.com/u/39806042","address":"9015 Avenida Costa","email":"antonio.moraes76@gmail.com"},{"id":19,"firstName":"Paulo","lastName":"Costa","avatar":"https://avatars.githubusercontent.com/u/32074034","address":"107 Rua Maria Clara","email":"paulo_costa@hotmail.com"},{"id":20,"firstName":"Yuri","lastName":"Silva","avatar":"https://avatars.githubusercontent.com/u/9043379","address":"8096 Marginal Yasmin","email":"yuri.silva12@live.com"},{"id":21,"firstName":"Lorenzo","lastName":"Reis","avatar":"https://cdn.jsdelivr.net/gh/faker-js/assets-person-portrait/male/512/60.jpg","address":"59356 Alameda Melo","email":"lorenzo_reis@bol.com.br"},{"id":22,"firstName":"Elísio","lastName":"Carvalho","avatar":"https://cdn.jsdelivr.net/gh/faker-js/assets-person-portrait/male/512/79.jpg","address":"140 Rodovia Carvalho","email":"elisio.carvalho64@bol.com.br"},{"id":23,"firstName":"Marcela","lastName":"Carvalho","avatar":"https://cdn.jsdelivr.net/gh/faker-js/assets-person-portrait/female/512/95.jpg","address":"921 Travessa Pereira","email":"marcela_carvalho68@bol.com.br"},{"id":24,"firstName":"Paula","lastName":"Barros","avatar":"https://cdn.jsdelivr.net/gh/faker-js/assets-person-portrait/female/512/74.jpg","address":"82847 Rua Kléber","email":"paula_barros@gmail.com"},{"id":25,"firstName":"César","lastName":"Saraiva","avatar":"https://cdn.jsdelivr.net/gh/faker-js/assets-person-portrait/female/512/17.jpg","address":"1225 Rua Nogueira","email":"cesar_saraiva52@gmail.com"},{"id":26,"firstName":"Maria Clara","lastName":"Martins","avatar":"https://cdn.jsdelivr.net/gh/faker-js/assets-person-portrait/male/512/78.jpg","address":"148 Rua Anthony","email":"mariaclara_martins92@hotmail.com"},{"id":27,"firstName":"Isabel","lastName":"Melo","avatar":"https://cdn.jsdelivr.net/gh/faker-js/assets-person-portrait/female/512/12.jpg","address":"584 Marginal Mariana","email":"isabel_melo@gmail.com"},{"id":28,"firstName":"Helena","lastName":"Souza","avatar":"https://cdn.jsdelivr.net/gh/faker-js/assets-person-portrait/female/512/23.jpg","address":"5179 Rodovia Macedo","email":"helena_souza55@gmail.com"},{"id":29,"firstName":"César","lastName":"Silva","avatar":"https://avatars.githubusercontent.com/u/41528176","address":"31069 Alameda Saraiva","email":"cesar.silva@yahoo.com"},{"id":30,"firstName":"Guilherme","lastName":"Costa","avatar":"https://avatars.githubusercontent.com/u/41059402","address":"9368 Alameda Franco","email":"guilherme.costa25@hotmail.com"},{"id":31,"firstName":"Gabriel","lastName":"Souza","avatar":"https://cdn.jsdelivr.net/gh/faker-js/assets-person-portrait/male/512/73.jpg","address":"4909 Travessa Santos","email":"gabriel_souza@bol.com.br"},{"id":32,"firstName":"Benjamin","lastName":"Braga","avatar":"https://avatars.githubusercontent.com/u/29240179","address":"282 Avenida Reis","email":"benjamin.braga@gmail.com"},{"id":33,"firstName":"Lara","lastName":"Melo","avatar":"https://avatars.githubusercontent.com/u/67905190","address":"1389 Avenida Paulo","email":"lara.melo@bol.com.br"},{"id":34,"firstName":"Isabela","lastName":"Nogueira","avatar":"https://cdn.jsdelivr.net/gh/faker-js/assets-person-portrait/male/512/48.jpg","address":"154 Rua Nicolas","email":"isabela_nogueira@bol.com.br"},{"id":35,"firstName":"Vitória","lastName":"Oliveira","avatar":"https://cdn.jsdelivr.net/gh/faker-js/assets-person-portrait/male/512/24.jpg","address":"978 Rodovia Roberta","email":"vitoria.oliveira@gmail.com"},{"id":36,"firstName":"Lorena","lastName":"Martins","avatar":"https://cdn.jsdelivr.net/gh/faker-js/assets-person-portrait/female/512/3.jpg","address":"499 Rua Joaquim","email":"lorena_martins@bol.com.br"},{"id":37,"firstName":"Fabiano","lastName":"Pereira","avatar":"https://avatars.githubusercontent.com/u/71014667","address":"58687 Rodovia Théo","email":"fabiano.pereira@bol.com.br"},{"id":38,"firstName":"Mércia","lastName":"Pereira","avatar":"https://cdn.jsdelivr.net/gh/faker-js/assets-person-portrait/male/512/3.jpg","address":"9942 Rua Albuquerque","email":"mercia.pereira44@hotmail.com"},{"id":39,"firstName":"Alexandre","lastName":"Macedo","avatar":"https://cdn.jsdelivr.net/gh/faker-js/assets-person-portrait/male/512/5.jpg","address":"811 Marginal Carvalho","email":"alexandre_macedo3@gmail.com"},{"id":40,"firstName":"Paulo","lastName":"Saraiva","avatar":"https://cdn.jsdelivr.net/gh/faker-js/assets-person-portrait/female/512/74.jpg","address":"2971 Rodovia Moraes","email":"paulo.saraiva37@hotmail.com"},{"id":41,"firstName":"Esther","lastName":"Costa","avatar":"https://avatars.githubusercontent.com/u/29807739","address":"72163 Avenida Costa","email":"esther.costa@hotmail.com"},{"id":42,"firstName":"Gael","lastName":"Carvalho","avatar":"https://avatars.githubusercontent.com/u/28422141","address":"52795 Rodovia Franco","email":"gael_carvalho74@yahoo.com"},{"id":43,"firstName":"Alessandro","lastName":"Oliveira","avatar":"https://avatars.githubusercontent.com/u/74919032","address":"345 Rodovia Oliveira","email":"alessandro_oliveira@live.com"},{"id":44,"firstName":"Antônio","lastName":"Nogueira","avatar":"https://cdn.jsdelivr.net/gh/faker-js/assets-person-portrait/female/512/2.jpg","address":"1195 Travessa Franco","email":"antonio_nogueira38@live.com"},{"id":45,"firstName":"João Lucas","lastName":"Santos","avatar":"https://avatars.githubusercontent.com/u/93106303","address":"560 Travessa Pereira","email":"joaolucas_santos@hotmail.com"},{"id":46,"firstName":"Bruna","lastName":"Macedo","avatar":"https://avatars.githubusercontent.com/u/75429100","address":"115 Marginal Hélio","email":"bruna.macedo@live.com"},{"id":47,"firstName":"Ladislau","lastName":"Barros","avatar":"https://avatars.githubusercontent.com/u/84784398","address":"82381 Alameda Emanuelly","email":"ladislau.barros@hotmail.com"},{"id":48,"firstName":"Roberta","lastName":"Xavier","avatar":"https://cdn.jsdelivr.net/gh/faker-js/assets-person-portrait/male/512/64.jpg","address":"436 Alameda João Pedro","email":"roberta_xavier22@gmail.com"},{"id":49,"firstName":"Henrique","lastName":"Moraes","avatar":"https://cdn.jsdelivr.net/gh/faker-js/assets-person-portrait/female/512/10.jpg","address":"29913 Rodovia Maitê","email":"henrique_moraes45@gmail.com"},{"id":50,"firstName":"Davi Lucca","lastName":"Albuquerque","avatar":"https://avatars.githubusercontent.com/u/77856973","address":"490 Alameda Meire","email":"davilucca_albuquerque11@hotmail.com"},{"id":51,"firstName":"Deneval","lastName":"Santos","avatar":"https://cdn.jsdelivr.net/gh/faker-js/assets-person-portrait/male/512/11.jpg","address":"522 Rua Braga","email":"deneval_santos@hotmail.com"},{"id":52,"firstName":"Frederico","lastName":"Albuquerque","avatar":"https://avatars.githubusercontent.com/u/7297954","address":"17809 Alameda Sirineu","email":"frederico.albuquerque63@bol.com.br"},{"id":53,"firstName":"Isabella","lastName":"Moraes","avatar":"https://cdn.jsdelivr.net/gh/faker-js/assets-person-portrait/male/512/91.jpg","address":"14189 Alameda Enzo Gabriel","email":"isabella.moraes7@bol.com.br"},{"id":54,"firstName":"Vitória","lastName":"Franco","avatar":"https://avatars.githubusercontent.com/u/73467232","address":"64961 Marginal Franco","email":"vitoria_franco57@hotmail.com"},{"id":55,"firstName":"Júlia","lastName":"Macedo","avatar":"https://avatars.githubusercontent.com/u/60362712","address":"570 Avenida Oliveira","email":"julia_macedo@bol.com.br"},{"id":56,"firstName":"Maria Cecília","lastName":"Barros","avatar":"https://avatars.githubusercontent.com/u/74570225","address":"75406 Rua Reis","email":"mariacecilia.barros@live.com"},{"id":57,"firstName":"Alícia","lastName":"Souza","avatar":"https://cdn.jsdelivr.net/gh/faker-js/assets-person-portrait/male/512/4.jpg","address":"53190 Travessa Nogueira","email":"alicia_souza11@yahoo.com"},{"id":58,"firstName":"Breno","lastName":"Oliveira","avatar":"https://cdn.jsdelivr.net/gh/faker-js/assets-person-portrait/male/512/54.jpg","address":"64666 Travessa Barros","email":"breno.oliveira19@live.com"},{"id":59,"firstName":"Washington","lastName":"Franco","avatar":"https://cdn.jsdelivr.net/gh/faker-js/assets-person-portrait/male/512/94.jpg","address":"1885 Rua Ana Júlia","email":"washington.franco5@gmail.com"},{"id":60,"firstName":"Ígor","lastName":"Pereira","avatar":"https://avatars.githubusercontent.com/u/37898109","address":"97812 Travessa Maria Clara","email":"igor.pereira63@gmail.com"},{"id":61,"firstName":"Mércia","lastName":"Barros","avatar":"https://avatars.githubusercontent.com/u/48507212","address":"6822 Rodovia Joaquim","email":"mercia.barros37@yahoo.com"},{"id":62,"firstName":"Sirineu","lastName":"Silva","avatar":"https://avatars.githubusercontent.com/u/19947733","address":"540 Rodovia Reis","email":"sirineu.silva@yahoo.com"},{"id":63,"firstName":"Warley","lastName":"Souza","avatar":"https://cdn.jsdelivr.net/gh/faker-js/assets-person-portrait/male/512/0.jpg","address":"98622 Marginal Miguel","email":"warley.souza@bol.com.br"},{"id":64,"firstName":"Tertuliano","lastName":"Franco","avatar":"https://avatars.githubusercontent.com/u/7002230","address":"282 Rua Carvalho","email":"tertuliano_franco9@live.com"},{"id":65,"firstName":"Noah","lastName":"Braga","avatar":"https://cdn.jsdelivr.net/gh/faker-js/assets-person-portrait/male/512/70.jpg","address":"69295 Marginal Melo","email":"noah.braga91@hotmail.com"},{"id":66,"firstName":"Lorena","lastName":"Costa","avatar":"https://cdn.jsdelivr.net/gh/faker-js/assets-person-portrait/male/512/51.jpg","address":"469 Alameda Fabrícia","email":"lorena.costa44@yahoo.com"},{"id":67,"firstName":"Caio","lastName":"Silva","avatar":"https://avatars.githubusercontent.com/u/27251544","address":"358 Marginal Lorena","email":"caio.silva@yahoo.com"},{"id":68,"firstName":"Marcela","lastName":"Moreira","avatar":"https://cdn.jsdelivr.net/gh/faker-js/assets-person-portrait/female/512/63.jpg","address":"66347 Travessa Maitê","email":"marcela_moreira@gmail.com"},{"id":69,"firstName":"Lívia","lastName":"Franco","avatar":"https://cdn.jsdelivr.net/gh/faker-js/assets-person-portrait/male/512/76.jpg","address":"49038 Rodovia Frederico","email":"livia_franco73@hotmail.com"},{"id":70,"firstName":"Vitória","lastName":"Moraes","avatar":"https://avatars.githubusercontent.com/u/51264133","address":"1538 Marginal Dalila","email":"vitoria.moraes2@yahoo.com"},{"id":71,"firstName":"Alice","lastName":"Nogueira","avatar":"https://avatars.githubusercontent.com/u/28878318","address":"9159 Rua Saraiva","email":"alice.nogueira@bol.com.br"},{"id":72,"firstName":"Cecília","lastName":"Moraes","avatar":"https://avatars.githubusercontent.com/u/48718243","address":"78933 Rua Nogueira","email":"cecilia_moraes@live.com"},{"id":73,"firstName":"Enzo Gabriel","lastName":"Martins","avatar":"https://avatars.githubusercontent.com/u/28404282","address":"34294 Marginal Carvalho","email":"enzogabriel_martins@live.com"},{"id":74,"firstName":"Eduardo","lastName":"Nogueira","avatar":"https://avatars.githubusercontent.com/u/60645446","address":"2231 Alameda Franco","email":"eduardo.nogueira@yahoo.com"},{"id":75,"firstName":"Beatriz","lastName":"Batista","avatar":"https://cdn.jsdelivr.net/gh/faker-js/assets-person-portrait/male/512/1.jpg","address":"22860 Marginal Albuquerque","email":"beatriz_batista89@yahoo.com"},{"id":76,"firstName":"Samuel","lastName":"Franco","avatar":"https://cdn.jsdelivr.net/gh/faker-js/assets-person-portrait/female/512/61.jpg","address":"41262 Alameda Braga","email":"samuel.franco@gmail.com"},{"id":77,"firstName":"Isadora","lastName":"Batista","avatar":"https://cdn.jsdelivr.net/gh/faker-js/assets-person-portrait/female/512/41.jpg","address":"19942 Alameda Heloísa","email":"isadora.batista@yahoo.com"},{"id":78,"firstName":"Margarida","lastName":"Batista","avatar":"https://cdn.jsdelivr.net/gh/faker-js/assets-person-portrait/female/512/30.jpg","address":"93657 Rua Eloá","email":"margarida_batista79@yahoo.com"},{"id":79,"firstName":"Caio","lastName":"Franco","avatar":"https://avatars.githubusercontent.com/u/32534651","address":"3655 Alameda Xavier","email":"caio.franco96@gmail.com"},{"id":80,"firstName":"Natália","lastName":"Saraiva","avatar":"https://cdn.jsdelivr.net/gh/faker-js/assets-person-portrait/male/512/27.jpg","address":"78220 Alameda Carvalho","email":"natalia_saraiva@live.com"},{"id":81,"firstName":"Roberto","lastName":"Batista","avatar":"https://cdn.jsdelivr.net/gh/faker-js/assets-person-portrait/female/512/53.jpg","address":"974 Marginal Alice","email":"roberto_batista73@hotmail.com"},{"id":82,"firstName":"Enzo","lastName":"Franco","avatar":"https://cdn.jsdelivr.net/gh/faker-js/assets-person-portrait/male/512/40.jpg","address":"14450 Marginal Silva","email":"enzo_franco@bol.com.br"},{"id":83,"firstName":"Maitê","lastName":"Batista","avatar":"https://cdn.jsdelivr.net/gh/faker-js/assets-person-portrait/female/512/41.jpg","address":"90623 Alameda Gabriel","email":"maite.batista@gmail.com"},{"id":84,"firstName":"Ricardo","lastName":"Braga","avatar":"https://avatars.githubusercontent.com/u/86855468","address":"7766 Avenida Pedro","email":"ricardo.braga@live.com"},{"id":85,"firstName":"Rebeca","lastName":"Oliveira","avatar":"https://cdn.jsdelivr.net/gh/faker-js/assets-person-portrait/male/512/72.jpg","address":"736 Marginal Nataniel","email":"rebeca_oliveira61@hotmail.com"},{"id":86,"firstName":"Dalila","lastName":"Xavier","avatar":"https://cdn.jsdelivr.net/gh/faker-js/assets-person-portrait/female/512/92.jpg","address":"3636 Avenida Fabiano","email":"dalila.xavier88@hotmail.com"},{"id":87,"firstName":"Valentina","lastName":"Franco","avatar":"https://cdn.jsdelivr.net/gh/faker-js/assets-person-portrait/female/512/89.jpg","address":"80578 Alameda Batista","email":"valentina_franco48@gmail.com"},{"id":88,"firstName":"Yasmin","lastName":"Costa","avatar":"https://cdn.jsdelivr.net/gh/faker-js/assets-person-portrait/female/512/15.jpg","address":"375 Alameda Oliveira","email":"yasmin.costa47@yahoo.com"},{"id":89,"firstName":"Júlio César","lastName":"Moraes","avatar":"https://cdn.jsdelivr.net/gh/faker-js/assets-person-portrait/male/512/26.jpg","address":"7070 Avenida Saraiva","email":"juliocesar_moraes69@live.com"},{"id":90,"firstName":"Alessandro","lastName":"Melo","avatar":"https://avatars.githubusercontent.com/u/6513992","address":"24593 Alameda Albuquerque","email":"alessandro.melo@bol.com.br"},{"id":91,"firstName":"Melissa","lastName":"Saraiva","avatar":"https://cdn.jsdelivr.net/gh/faker-js/assets-person-portrait/male/512/48.jpg","address":"45628 Travessa Hélio","email":"melissa_saraiva@hotmail.com"},{"id":92,"firstName":"Marli","lastName":"Xavier","avatar":"https://cdn.jsdelivr.net/gh/faker-js/assets-person-portrait/male/512/34.jpg","address":"455 Travessa Ricardo","email":"marli_xavier92@live.com"},{"id":93,"firstName":"Tertuliano","lastName":"Moraes","avatar":"https://cdn.jsdelivr.net/gh/faker-js/assets-person-portrait/male/512/82.jpg","address":"82391 Alameda Macedo","email":"tertuliano.moraes@live.com"},{"id":94,"firstName":"Lorenzo","lastName":"Reis","avatar":"https://avatars.githubusercontent.com/u/92273082","address":"623 Rua Costa","email":"lorenzo_reis@gmail.com"},{"id":95,"firstName":"Enzo Gabriel","lastName":"Saraiva","avatar":"https://cdn.jsdelivr.net/gh/faker-js/assets-person-portrait/male/512/33.jpg","address":"42858 Rodovia Carvalho","email":"enzogabriel.saraiva97@bol.com.br"},{"id":96,"firstName":"Isis","lastName":"Costa","avatar":"https://avatars.githubusercontent.com/u/75400079","address":"75152 Rodovia Cauã","email":"isis.costa97@yahoo.com"},{"id":97,"firstName":"Sílvia","lastName":"Moreira","avatar":"https://cdn.jsdelivr.net/gh/faker-js/assets-person-portrait/female/512/90.jpg","address":"63882 Marginal Moreira","email":"silvia_moreira56@gmail.com"},{"id":98,"firstName":"Felipe","lastName":"Franco","avatar":"https://cdn.jsdelivr.net/gh/faker-js/assets-person-portrait/female/512/42.jpg","address":"959 Avenida Júlio","email":"felipe_franco@yahoo.com"},{"id":99,"firstName":"Pablo","lastName":"Barros","avatar":"https://cdn.jsdelivr.net/gh/faker-js/assets-person-portrait/male/512/82.jpg","address":"876 Marginal Souza","email":"pablo_barros@hotmail.com"},{"id":100,"firstName":"Núbia","lastName":"Pereira","avatar":"https://avatars.githubusercontent.com/u/20705006","address":"1008 Avenida Marina","email":"nubia.pereira23@live.com"},{"id":101,"firstName":"César","lastName":"Reis","avatar":"https://avatars.githubusercontent.com/u/14628055","address":"128 Alameda Macedo","email":"cesar_reis@hotmail.com"},{"id":102,"firstName":"Heitor","lastName":"Xavier","avatar":"https://cdn.jsdelivr.net/gh/faker-js/assets-person-portrait/male/512/53.jpg","address":"627 Rodovia Lorenzo","email":"heitor_xavier@yahoo.com"},{"id":103,"firstName":"Henrique","lastName":"Melo","avatar":"https://avatars.githubusercontent.com/u/66162193","address":"37052 Rua Rafaela","email":"henrique.melo49@gmail.com"},{"id":104,"firstName":"Fabiano","lastName":"Batista","avatar":"https://avatars.githubusercontent.com/u/868857","address":"556 Avenida Pereira","email":"fabiano.batista53@gmail.com"},{"id":105,"firstName":"Maria Helena","lastName":"Macedo","avatar":"https://cdn.jsdelivr.net/gh/faker-js/assets-person-portrait/female/512/77.jpg","address":"903 Alameda Braga","email":"mariahelena_macedo@gmail.com"},{"id":106,"firstName":"Antonella","lastName":"Moraes","avatar":"https://avatars.githubusercontent.com/u/48312376","address":"577 Alameda Xavier","email":"antonella.moraes51@yahoo.com"},{"id":107,"firstName":"Yago","lastName":"Oliveira","avatar":"https://cdn.jsdelivr.net/gh/faker-js/assets-person-portrait/female/512/67.jpg","address":"2145 Marginal Braga","email":"yago_oliveira65@hotmail.com"},{"id":108,"firstName":"Sílvia","lastName":"Melo","avatar":"https://avatars.githubusercontent.com/u/47206713","address":"99235 Travessa Felícia","email":"silvia_melo@bol.com.br"},{"id":109,"firstName":"Júlio César","lastName":"Martins","avatar":"https://cdn.jsdelivr.net/gh/faker-js/assets-person-portrait/female/512/85.jpg","address":"7771 Alameda Saraiva","email":"juliocesar_martins@gmail.com"},{"id":110,"firstName":"Kléber","lastName":"Martins","avatar":"https://avatars.githubusercontent.com/u/89038806","address":"3239 Travessa Braga","email":"kleber_martins46@yahoo.com"},{"id":111,"firstName":"Mércia","lastName":"Martins","avatar":"https://avatars.githubusercontent.com/u/34023284","address":"34437 Rodovia Samuel","email":"mercia_martins39@bol.com.br"},{"id":112,"firstName":"Cauã","lastName":"Carvalho","avatar":"https://avatars.githubusercontent.com/u/69797266","address":"568 Rua Ígor","email":"caua.carvalho7@live.com"},{"id":113,"firstName":"Lucas","lastName":"Saraiva","avatar":"https://avatars.githubusercontent.com/u/69072875","address":"49963 Rodovia Márcia","email":"lucas.saraiva@hotmail.com"},{"id":114,"firstName":"Gabriel","lastName":"Silva","avatar":"https://avatars.githubusercontent.com/u/99827676","address":"2911 Travessa Franco","email":"gabriel_silva18@gmail.com"},{"id":115,"firstName":"Laura","lastName":"Batista","avatar":"https://cdn.jsdelivr.net/gh/faker-js/assets-person-portrait/female/512/87.jpg","address":"5963 Alameda Albuquerque","email":"laura_batista42@hotmail.com"},{"id":116,"firstName":"César","lastName":"Souza","avatar":"https://cdn.jsdelivr.net/gh/faker-js/assets-person-portrait/female/512/79.jpg","address":"9158 Marginal Bruna","email":"cesar_souza69@bol.com.br"},{"id":117,"firstName":"Víctor","lastName":"Silva","avatar":"https://avatars.githubusercontent.com/u/34941553","address":"4651 Travessa Oliveira","email":"victor.silva@bol.com.br"},{"id":118,"firstName":"João Pedro","lastName":"Carvalho","avatar":"https://avatars.githubusercontent.com/u/91999244","address":"52831 Avenida Gustavo","email":"joaopedro_carvalho@live.com"},{"id":119,"firstName":"Frederico","lastName":"Braga","avatar":"https://cdn.jsdelivr.net/gh/faker-js/assets-person-portrait/female/512/21.jpg","address":"73713 Marginal Karla","email":"frederico_braga52@yahoo.com"},{"id":120,"firstName":"Vitor","lastName":"Moraes","avatar":"https://cdn.jsdelivr.net/gh/faker-js/assets-person-portrait/female/512/30.jpg","address":"9118 Rua Macedo","email":"vitor_moraes55@yahoo.com"},{"id":121,"firstName":"Morgana","lastName":"Melo","avatar":"https://cdn.jsdelivr.net/gh/faker-js/assets-person-portrait/female/512/88.jpg","address":"3850 Rodovia Moreira","email":"morgana_melo@live.com"},{"id":122,"firstName":"Heloísa","lastName":"Oliveira","avatar":"https://avatars.githubusercontent.com/u/44087768","address":"91145 Rua Costa","email":"heloisa_oliveira@bol.com.br"},{"id":123,"firstName":"Silas","lastName":"Reis","avatar":"https://avatars.githubusercontent.com/u/46729530","address":"8713 Rodovia Barros","email":"silas_reis81@yahoo.com"},{"id":124,"firstName":"Paula","lastName":"Braga","avatar":"https://cdn.jsdelivr.net/gh/faker-js/assets-person-portrait/male/512/46.jpg","address":"462 Alameda Frederico","email":"paula.braga@bol.com.br"},{"id":125,"firstName":"Rebeca","lastName":"Oliveira","avatar":"https://avatars.githubusercontent.com/u/20710239","address":"356 Marginal Braga","email":"rebeca.oliveira88@live.com"},{"id":126,"firstName":"Mércia","lastName":"Franco","avatar":"https://avatars.githubusercontent.com/u/57004611","address":"3337 Alameda Macedo","email":"mercia.franco50@bol.com.br"},{"id":127,"firstName":"Arthur","lastName":"Batista","avatar":"https://avatars.githubusercontent.com/u/19232848","address":"1953 Alameda Fábio","email":"arthur_batista@hotmail.com"},{"id":128,"firstName":"Aline","lastName":"Xavier","avatar":"https://avatars.githubusercontent.com/u/81169714","address":"73148 Travessa Melo","email":"aline.xavier52@bol.com.br"},{"id":129,"firstName":"Maria Alice","lastName":"Moreira","avatar":"https://cdn.jsdelivr.net/gh/faker-js/assets-person-portrait/female/512/52.jpg","address":"5211 Marginal Saraiva","email":"mariaalice_moreira@live.com"},{"id":130,"firstName":"Henrique","lastName":"Moraes","avatar":"https://avatars.githubusercontent.com/u/8839273","address":"1030 Rodovia Moreira","email":"henrique_moraes@live.com"},{"id":131,"firstName":"Isaac","lastName":"Pereira","avatar":"https://avatars.githubusercontent.com/u/46651058","address":"94826 Marginal Martins","email":"isaac.pereira@gmail.com"},{"id":132,"firstName":"Rafaela","lastName":"Moraes","avatar":"https://cdn.jsdelivr.net/gh/faker-js/assets-person-portrait/male/512/93.jpg","address":"84423 Alameda Lucca","email":"rafaela_moraes@gmail.com"},{"id":133,"firstName":"Roberta","lastName":"Batista","avatar":"https://cdn.jsdelivr.net/gh/faker-js/assets-person-portrait/female/512/90.jpg","address":"9761 Rodovia Costa","email":"roberta.batista2@hotmail.com"},{"id":134,"firstName":"Vitor","lastName":"Santos","avatar":"https://cdn.jsdelivr.net/gh/faker-js/assets-person-portrait/female/512/70.jpg","address":"9302 Rua Ricardo","email":"vitor_santos@hotmail.com"},{"id":135,"firstName":"Carla","lastName":"Melo","avatar":"https://avatars.githubusercontent.com/u/4339589","address":"6378 Rodovia Ladislau","email":"carla_melo16@bol.com.br"},{"id":136,"firstName":"Samuel","lastName":"Barros","avatar":"https://cdn.jsdelivr.net/gh/faker-js/assets-person-portrait/female/512/90.jpg","address":"500 Avenida Oliveira","email":"samuel_barros57@yahoo.com"},{"id":137,"firstName":"Talita","lastName":"Martins","avatar":"https://cdn.jsdelivr.net/gh/faker-js/assets-person-portrait/male/512/29.jpg","address":"580 Marginal Barros","email":"talita.martins39@gmail.com"},{"id":138,"firstName":"Davi","lastName":"Santos","avatar":"https://avatars.githubusercontent.com/u/9216595","address":"486 Marginal Pedro Henrique","email":"davi_santos@bol.com.br"},{"id":139,"firstName":"Margarida","lastName":"Costa","avatar":"https://avatars.githubusercontent.com/u/7615690","address":"33102 Travessa Melo","email":"margarida.costa64@gmail.com"},{"id":140,"firstName":"Bryan","lastName":"Saraiva","avatar":"https://cdn.jsdelivr.net/gh/faker-js/assets-person-portrait/male/512/73.jpg","address":"26540 Rodovia Gúbio","email":"bryan_saraiva86@live.com"},{"id":141,"firstName":"Rebeca","lastName":"Braga","avatar":"https://avatars.githubusercontent.com/u/17896304","address":"97317 Rodovia Manuela","email":"rebeca_braga@gmail.com"},{"id":142,"firstName":"Júlio","lastName":"Batista","avatar":"https://cdn.jsdelivr.net/gh/faker-js/assets-person-portrait/female/512/23.jpg","address":"1974 Marginal Alessandro","email":"julio.batista@live.com"},{"id":143,"firstName":"Larissa","lastName":"Macedo","avatar":"https://cdn.jsdelivr.net/gh/faker-js/assets-person-portrait/female/512/64.jpg","address":"50227 Rodovia Batista","email":"larissa_macedo56@live.com"},{"id":144,"firstName":"Henrique","lastName":"Carvalho","avatar":"https://avatars.githubusercontent.com/u/90629277","address":"6065 Rodovia Pereira","email":"henrique_carvalho@live.com"},{"id":145,"firstName":"Vitória","lastName":"Franco","avatar":"https://cdn.jsdelivr.net/gh/faker-js/assets-person-portrait/male/512/82.jpg","address":"3361 Avenida Costa","email":"vitoria_franco@bol.com.br"},{"id":146,"firstName":"Mariana","lastName":"Xavier","avatar":"https://cdn.jsdelivr.net/gh/faker-js/assets-person-portrait/female/512/78.jpg","address":"786 Rodovia Janaína","email":"mariana.xavier9@gmail.com"},{"id":147,"firstName":"Pablo","lastName":"Albuquerque","avatar":"https://avatars.githubusercontent.com/u/1254872","address":"1509 Avenida Franco","email":"pablo_albuquerque@live.com"},{"id":148,"firstName":"Marina","lastName":"Santos","avatar":"https://cdn.jsdelivr.net/gh/faker-js/assets-person-portrait/male/512/71.jpg","address":"8892 Alameda Raul","email":"marina.santos55@gmail.com"},{"id":149,"firstName":"Suélen","lastName":"Souza","avatar":"https://cdn.jsdelivr.net/gh/faker-js/assets-person-portrait/female/512/55.jpg","address":"256 Rua Costa","email":"suelen_souza@live.com"},{"id":150,"firstName":"Bruna","lastName":"Silva","avatar":"https://avatars.githubusercontent.com/u/36325816","address":"6305 Rodovia Martins","email":"bruna.silva58@yahoo.com"},{"id":151,"firstName":"Eloá","lastName":"Martins","avatar":"https://cdn.jsdelivr.net/gh/faker-js/assets-person-portrait/male/512/2.jpg","address":"30336 Travessa Macedo","email":"eloa_martins@hotmail.com"},{"id":152,"firstName":"Júlio César","lastName":"Santos","avatar":"https://cdn.jsdelivr.net/gh/faker-js/assets-person-portrait/female/512/46.jpg","address":"13934 Marginal Matheus","email":"juliocesar.santos@yahoo.com"},{"id":153,"firstName":"Hélio","lastName":"Martins","avatar":"https://cdn.jsdelivr.net/gh/faker-js/assets-person-portrait/female/512/20.jpg","address":"21673 Alameda Calebe","email":"helio_martins@bol.com.br"},{"id":154,"firstName":"Isabel","lastName":"Carvalho","avatar":"https://avatars.githubusercontent.com/u/25153641","address":"97105 Rua Mércia","email":"isabel.carvalho@hotmail.com"},{"id":155,"firstName":"Norberto","lastName":"Albuquerque","avatar":"https://cdn.jsdelivr.net/gh/faker-js/assets-person-portrait/female/512/32.jpg","address":"634 Avenida Felícia","email":"norberto.albuquerque33@gmail.com"},{"id":156,"firstName":"Cauã","lastName":"Franco","avatar":"https://avatars.githubusercontent.com/u/69423812","address":"2281 Marginal Moraes","email":"caua_franco8@live.com"},{"id":157,"firstName":"Gúbio","lastName":"Albuquerque","avatar":"https://avatars.githubusercontent.com/u/80037003","address":"1154 Rua Barros","email":"gubio_albuquerque41@gmail.com"},{"id":158,"firstName":"Ana Júlia","lastName":"Macedo","avatar":"https://cdn.jsdelivr.net/gh/faker-js/assets-person-portrait/female/512/36.jpg","address":"432 Rodovia Roberto","email":"anajulia.macedo22@gmail.com"},{"id":159,"firstName":"Beatriz","lastName":"Melo","avatar":"https://avatars.githubusercontent.com/u/50213581","address":"8982 Marginal Costa","email":"beatriz.melo@live.com"},{"id":160,"firstName":"Eduardo","lastName":"Martins","avatar":"https://avatars.githubusercontent.com/u/35732300","address":"328 Marginal Barros","email":"eduardo_martins95@yahoo.com"},{"id":161,"firstName":"Ladislau","lastName":"Silva","avatar":"https://cdn.jsdelivr.net/gh/faker-js/assets-person-portrait/female/512/73.jpg","address":"23669 Rua Ígor","email":"ladislau.silva98@bol.com.br"},{"id":162,"firstName":"Vicente","lastName":"Silva","avatar":"https://cdn.jsdelivr.net/gh/faker-js/assets-person-portrait/male/512/36.jpg","address":"9208 Rua Albuquerque","email":"vicente_silva@live.com"},{"id":163,"firstName":"Isadora","lastName":"Carvalho","avatar":"https://cdn.jsdelivr.net/gh/faker-js/assets-person-portrait/male/512/56.jpg","address":"81586 Rua Santos","email":"isadora.carvalho49@hotmail.com"},{"id":164,"firstName":"Guilherme","lastName":"Costa","avatar":"https://avatars.githubusercontent.com/u/42936920","address":"52617 Alameda Nogueira","email":"guilherme_costa@hotmail.com"},{"id":165,"firstName":"Mariana","lastName":"Franco","avatar":"https://avatars.githubusercontent.com/u/14173209","address":"63965 Avenida Maria Eduarda","email":"mariana_franco74@live.com"},{"id":166,"firstName":"Margarida","lastName":"Barros","avatar":"https://avatars.githubusercontent.com/u/83128395","address":"82956 Rodovia Isadora","email":"margarida.barros74@gmail.com"},{"id":167,"firstName":"Raul","lastName":"Franco","avatar":"https://cdn.jsdelivr.net/gh/faker-js/assets-person-portrait/female/512/4.jpg","address":"57205 Marginal Moreira","email":"raul_franco@live.com"},{"id":168,"firstName":"Sara","lastName":"Carvalho","avatar":"https://cdn.jsdelivr.net/gh/faker-js/assets-person-portrait/male/512/74.jpg","address":"537 Alameda Lara","email":"sara.carvalho@live.com"},{"id":169,"firstName":"João Pedro","lastName":"Reis","avatar":"https://cdn.jsdelivr.net/gh/faker-js/assets-person-portrait/male/512/22.jpg","address":"720 Avenida Batista","email":"joaopedro_reis@bol.com.br"},{"id":170,"firstName":"Larissa","lastName":"Oliveira","avatar":"https://cdn.jsdelivr.net/gh/faker-js/assets-person-portrait/male/512/65.jpg","address":"3368 Rua Albuquerque","email":"larissa.oliveira7@bol.com.br"},{"id":171,"firstName":"Lucas","lastName":"Oliveira","avatar":"https://cdn.jsdelivr.net/gh/faker-js/assets-person-portrait/female/512/28.jpg","address":"698 Travessa Sílvia","email":"lucas.oliveira72@bol.com.br"},{"id":172,"firstName":"Maria Eduarda","lastName":"Franco","avatar":"https://avatars.githubusercontent.com/u/53797674","address":"3631 Avenida Souza","email":"mariaeduarda_franco@live.com"},{"id":173,"firstName":"Miguel","lastName":"Braga","avatar":"https://cdn.jsdelivr.net/gh/faker-js/assets-person-portrait/male/512/8.jpg","address":"585 Marginal Costa","email":"miguel_braga64@yahoo.com"},{"id":174,"firstName":"Yago","lastName":"Reis","avatar":"https://avatars.githubusercontent.com/u/69265783","address":"53703 Alameda Cauã","email":"yago_reis54@live.com"},{"id":175,"firstName":"Nicolas","lastName":"Carvalho","avatar":"https://cdn.jsdelivr.net/gh/faker-js/assets-person-portrait/female/512/29.jpg","address":"362 Alameda Alessandra","email":"nicolas.carvalho38@live.com"},{"id":176,"firstName":"Marcela","lastName":"Franco","avatar":"https://cdn.jsdelivr.net/gh/faker-js/assets-person-portrait/male/512/6.jpg","address":"6187 Marginal Lucca","email":"marcela_franco70@gmail.com"},{"id":177,"firstName":"Guilherme","lastName":"Batista","avatar":"https://cdn.jsdelivr.net/gh/faker-js/assets-person-portrait/female/512/77.jpg","address":"615 Avenida Félix","email":"guilherme.batista81@bol.com.br"},{"id":178,"firstName":"Emanuel","lastName":"Albuquerque","avatar":"https://cdn.jsdelivr.net/gh/faker-js/assets-person-portrait/female/512/94.jpg","address":"62739 Alameda Braga","email":"emanuel.albuquerque3@live.com"},{"id":179,"firstName":"Lorenzo","lastName":"Albuquerque","avatar":"https://cdn.jsdelivr.net/gh/faker-js/assets-person-portrait/male/512/45.jpg","address":"1396 Marginal Batista","email":"lorenzo.albuquerque22@live.com"},{"id":180,"firstName":"Sara","lastName":"Melo","avatar":"https://avatars.githubusercontent.com/u/75900115","address":"808 Rodovia Oliveira","email":"sara_melo16@bol.com.br"},{"id":181,"firstName":"Sophia","lastName":"Xavier","avatar":"https://avatars.githubusercontent.com/u/7690693","address":"79317 Marginal Maria Júlia","email":"sophia.xavier@live.com"},{"id":182,"firstName":"Nicolas","lastName":"Costa","avatar":"https://avatars.githubusercontent.com/u/23934758","address":"9437 Rodovia Costa","email":"nicolas.costa@hotmail.com"},{"id":183,"firstName":"Luiza","lastName":"Xavier","avatar":"https://avatars.githubusercontent.com/u/93182533","address":"260 Travessa Franco","email":"luiza.xavier@live.com"},{"id":184,"firstName":"Maria Eduarda","lastName":"Macedo","avatar":"https://cdn.jsdelivr.net/gh/faker-js/assets-person-portrait/male/512/92.jpg","address":"9325 Alameda Ana Clara","email":"mariaeduarda_macedo42@hotmail.com"},{"id":185,"firstName":"Emanuel","lastName":"Batista","avatar":"https://cdn.jsdelivr.net/gh/faker-js/assets-person-portrait/male/512/82.jpg","address":"9453 Rua Carlos","email":"emanuel_batista@gmail.com"},{"id":186,"firstName":"Helena","lastName":"Nogueira","avatar":"https://cdn.jsdelivr.net/gh/faker-js/assets-person-portrait/female/512/13.jpg","address":"353 Rua Carvalho","email":"helena.nogueira@bol.com.br"},{"id":187,"firstName":"Guilherme","lastName":"Carvalho","avatar":"https://cdn.jsdelivr.net/gh/faker-js/assets-person-portrait/male/512/41.jpg","address":"65146 Alameda Martins","email":"guilherme_carvalho@live.com"},{"id":188,"firstName":"Alessandro","lastName":"Saraiva","avatar":"https://cdn.jsdelivr.net/gh/faker-js/assets-person-portrait/male/512/20.jpg","address":"63366 Avenida Souza","email":"alessandro_saraiva50@hotmail.com"},{"id":189,"firstName":"Fábio","lastName":"Franco","avatar":"https://avatars.githubusercontent.com/u/95710791","address":"19367 Travessa Barros","email":"fabio_franco@hotmail.com"},{"id":190,"firstName":"Joaquim","lastName":"Barros","avatar":"https://cdn.jsdelivr.net/gh/faker-js/assets-person-portrait/male/512/56.jpg","address":"37393 Marginal Alícia","email":"joaquim.barros@live.com"},{"id":191,"firstName":"Júlio","lastName":"Albuquerque","avatar":"https://avatars.githubusercontent.com/u/34549670","address":"53449 Rodovia Saraiva","email":"julio.albuquerque40@bol.com.br"},{"id":192,"firstName":"Kléber","lastName":"Silva","avatar":"https://avatars.githubusercontent.com/u/95101058","address":"92994 Rodovia João Miguel","email":"kleber_silva@gmail.com"},{"id":193,"firstName":"Benício","lastName":"Nogueira","avatar":"https://avatars.githubusercontent.com/u/67443512","address":"74662 Rua Franco","email":"benicio.nogueira@hotmail.com"},{"id":194,"firstName":"Isabel","lastName":"Batista","avatar":"https://cdn.jsdelivr.net/gh/faker-js/assets-person-portrait/female/512/56.jpg","address":"997 Rua Víctor","email":"isabel_batista47@gmail.com"},{"id":195,"firstName":"Salvador","lastName":"Xavier","avatar":"https://avatars.githubusercontent.com/u/15307004","address":"7596 Marginal Ígor","email":"salvador.xavier@hotmail.com"},{"id":196,"firstName":"Murilo","lastName":"Moraes","avatar":"https://avatars.githubusercontent.com/u/56137508","address":"4446 Marginal Pereira","email":"murilo.moraes8@live.com"},{"id":197,"firstName":"Yasmin","lastName":"Costa","avatar":"https://cdn.jsdelivr.net/gh/faker-js/assets-person-portrait/male/512/6.jpg","address":"5255 Travessa Isadora","email":"yasmin_costa@gmail.com"},{"id":198,"firstName":"Marcos","lastName":"Reis","avatar":"https://cdn.jsdelivr.net/gh/faker-js/assets-person-portrait/female/512/46.jpg","address":"2599 Rua Júlia","email":"marcos.reis@live.com"},{"id":199,"firstName":"Maria Clara","lastName":"Moraes","avatar":"https://avatars.githubusercontent.com/u/36539487","address":"46365 Travessa Melo","email":"mariaclara_moraes88@bol.com.br"},{"id":200,"firstName":"Gabriel","lastName":"Santos","avatar":"https://avatars.githubusercontent.com/u/30226257","address":"562 Rua Macedo","email":"gabriel.santos71@live.com"},{"id":201,"firstName":"Matheus","lastName":"Costa","avatar":"https://cdn.jsdelivr.net/gh/faker-js/assets-person-portrait/female/512/43.jpg","address":"9733 Marginal Reis","email":"matheus_costa76@bol.com.br"},{"id":202,"firstName":"Fabrícia","lastName":"Barros","avatar":"https://cdn.jsdelivr.net/gh/faker-js/assets-person-portrait/male/512/86.jpg","address":"374 Avenida Santos","email":"fabricia.barros0@gmail.com"},{"id":203,"firstName":"Enzo","lastName":"Costa","avatar":"https://avatars.githubusercontent.com/u/20087991","address":"55926 Avenida Macedo","email":"enzo.costa@yahoo.com"},{"id":204,"firstName":"Davi Lucca","lastName":"Nogueira","avatar":"https://avatars.githubusercontent.com/u/29046351","address":"462 Rua Carvalho","email":"davilucca.nogueira2@yahoo.com"},{"id":205,"firstName":"Pedro Henrique","lastName":"Santos","avatar":"https://cdn.jsdelivr.net/gh/faker-js/assets-person-portrait/female/512/2.jpg","address":"40122 Rodovia Franco","email":"pedrohenrique.santos@bol.com.br"},{"id":206,"firstName":"Paulo","lastName":"Oliveira","avatar":"https://avatars.githubusercontent.com/u/6552783","address":"16716 Rua Moreira","email":"paulo_oliveira23@live.com"},{"id":207,"firstName":"Heloísa","lastName":"Santos","avatar":"https://cdn.jsdelivr.net/gh/faker-js/assets-person-portrait/female/512/28.jpg","address":"93969 Avenida Sophia","email":"heloisa.santos15@live.com"},{"id":208,"firstName":"Maria Alice","lastName":"Franco","avatar":"https://cdn.jsdelivr.net/gh/faker-js/assets-person-portrait/male/512/31.jpg","address":"6702 Travessa Pietro","email":"mariaalice.franco80@yahoo.com"},{"id":209,"firstName":"Benício","lastName":"Barros","avatar":"https://avatars.githubusercontent.com/u/56953214","address":"3473 Travessa Costa","email":"benicio.barros69@live.com"},{"id":210,"firstName":"Clara","lastName":"Franco","avatar":"https://cdn.jsdelivr.net/gh/faker-js/assets-person-portrait/female/512/24.jpg","address":"398 Rodovia Carvalho","email":"clara.franco82@live.com"},{"id":211,"firstName":"César","lastName":"Batista","avatar":"https://cdn.jsdelivr.net/gh/faker-js/assets-person-portrait/male/512/19.jpg","address":"9960 Alameda Macedo","email":"cesar_batista@gmail.com"},{"id":212,"firstName":"Raul","lastName":"Albuquerque","avatar":"https://avatars.githubusercontent.com/u/80882911","address":"96551 Avenida Bernardo","email":"raul_albuquerque@yahoo.com"},{"id":213,"firstName":"Ana Clara","lastName":"Carvalho","avatar":"https://avatars.githubusercontent.com/u/94006993","address":"68709 Alameda Talita","email":"anaclara_carvalho@gmail.com"},{"id":214,"firstName":"Rafaela","lastName":"Xavier","avatar":"https://cdn.jsdelivr.net/gh/faker-js/assets-person-portrait/male/512/69.jpg","address":"274 Rua Vitor","email":"rafaela.xavier48@yahoo.com"},{"id":215,"firstName":"Júlio César","lastName":"Saraiva","avatar":"https://cdn.jsdelivr.net/gh/faker-js/assets-person-portrait/male/512/39.jpg","address":"1691 Rua Costa","email":"juliocesar_saraiva74@yahoo.com"},{"id":216,"firstName":"Sarah","lastName":"Silva","avatar":"https://avatars.githubusercontent.com/u/80356141","address":"8467 Alameda João Lucas","email":"sarah_silva21@gmail.com"},{"id":217,"firstName":"Gustavo","lastName":"Barros","avatar":"https://cdn.jsdelivr.net/gh/faker-js/assets-person-portrait/male/512/53.jpg","address":"7014 Marginal Saraiva","email":"gustavo_barros49@yahoo.com"},{"id":218,"firstName":"Matheus","lastName":"Carvalho","avatar":"https://avatars.githubusercontent.com/u/42354575","address":"855 Avenida Carlos","email":"matheus_carvalho@yahoo.com"},{"id":219,"firstName":"Maria Helena","lastName":"Xavier","avatar":"https://cdn.jsdelivr.net/gh/faker-js/assets-person-portrait/male/512/71.jpg","address":"832 Travessa Batista","email":"mariahelena.xavier38@gmail.com"},{"id":220,"firstName":"Valentina","lastName":"Barros","avatar":"https://avatars.githubusercontent.com/u/46843901","address":"4122 Rodovia Braga","email":"valentina.barros4@bol.com.br"},{"id":221,"firstName":"Washington","lastName":"Barros","avatar":"https://cdn.jsdelivr.net/gh/faker-js/assets-person-portrait/female/512/64.jpg","address":"84763 Travessa Sílvia","email":"washington.barros@hotmail.com"},{"id":222,"firstName":"Maria Cecília","lastName":"Batista","avatar":"https://cdn.jsdelivr.net/gh/faker-js/assets-person-portrait/female/512/21.jpg","address":"5040 Marginal Frederico","email":"mariacecilia_batista19@live.com"},{"id":223,"firstName":"Nataniel","lastName":"Moreira","avatar":"https://cdn.jsdelivr.net/gh/faker-js/assets-person-portrait/male/512/44.jpg","address":"4994 Travessa Frederico","email":"nataniel_moreira@live.com"},{"id":224,"firstName":"Matheus","lastName":"Nogueira","avatar":"https://avatars.githubusercontent.com/u/61518315","address":"4058 Rua Janaína","email":"matheus_nogueira@hotmail.com"},{"id":225,"firstName":"Feliciano","lastName":"Martins","avatar":"https://cdn.jsdelivr.net/gh/faker-js/assets-person-portrait/female/512/8.jpg","address":"516 Travessa Maria Luiza","email":"feliciano.martins53@hotmail.com"},{"id":226,"firstName":"Talita","lastName":"Martins","avatar":"https://avatars.githubusercontent.com/u/46740621","address":"10538 Rua Hélio","email":"talita_martins36@yahoo.com"},{"id":227,"firstName":"Maria Eduarda","lastName":"Silva","avatar":"https://cdn.jsdelivr.net/gh/faker-js/assets-person-portrait/male/512/40.jpg","address":"191 Marginal Carvalho","email":"mariaeduarda.silva76@live.com"},{"id":228,"firstName":"Larissa","lastName":"Xavier","avatar":"https://avatars.githubusercontent.com/u/37108247","address":"9639 Avenida Xavier","email":"larissa_xavier@gmail.com"},{"id":229,"firstName":"Marcela","lastName":"Moreira","avatar":"https://cdn.jsdelivr.net/gh/faker-js/assets-person-portrait/female/512/40.jpg","address":"6078 Travessa Pereira","email":"marcela_moreira97@yahoo.com"},{"id":230,"firstName":"Alexandre","lastName":"Albuquerque","avatar":"https://avatars.githubusercontent.com/u/71243874","address":"3385 Travessa Costa","email":"alexandre_albuquerque@yahoo.com"},{"id":231,"firstName":"Yago","lastName":"Melo","avatar":"https://cdn.jsdelivr.net/gh/faker-js/assets-person-portrait/male/512/90.jpg","address":"105 Alameda Pereira","email":"yago_melo30@yahoo.com"},{"id":232,"firstName":"Felipe","lastName":"Carvalho","avatar":"https://avatars.githubusercontent.com/u/28575605","address":"846 Marginal Samuel","email":"felipe_carvalho16@live.com"},{"id":233,"firstName":"Meire","lastName":"Pereira","avatar":"https://cdn.jsdelivr.net/gh/faker-js/assets-person-portrait/male/512/91.jpg","address":"43138 Rua Joaquim","email":"meire.pereira92@yahoo.com"},{"id":234,"firstName":"Sara","lastName":"Martins","avatar":"https://avatars.githubusercontent.com/u/32017719","address":"2070 Avenida Melo","email":"sara_martins42@gmail.com"},{"id":235,"firstName":"Laura","lastName":"Martins","avatar":"https://avatars.githubusercontent.com/u/29448207","address":"53363 Rua Miguel","email":"laura.martins@live.com"},{"id":236,"firstName":"Maria Helena","lastName":"Nogueira","avatar":"https://cdn.jsdelivr.net/gh/faker-js/assets-person-portrait/male/512/60.jpg","address":"5691 Avenida Paulo","email":"mariahelena.nogueira78@yahoo.com"},{"id":237,"firstName":"Lorraine","lastName":"Carvalho","avatar":"https://avatars.githubusercontent.com/u/66276335","address":"830 Travessa Eduardo","email":"lorraine_carvalho@hotmail.com"},{"id":238,"firstName":"Alice","lastName":"Batista","avatar":"https://avatars.githubusercontent.com/u/86076908","address":"6516 Rodovia Santos","email":"alice_batista70@hotmail.com"},{"id":239,"firstName":"Alícia","lastName":"Santos","avatar":"https://avatars.githubusercontent.com/u/41929866","address":"35726 Alameda Xavier","email":"alicia.santos@hotmail.com"},{"id":240,"firstName":"Sara","lastName":"Reis","avatar":"https://avatars.githubusercontent.com/u/72733943","address":"5738 Rodovia Martins","email":"sara.reis@yahoo.com"},{"id":241,"firstName":"Rafaela","lastName":"Braga","avatar":"https://avatars.githubusercontent.com/u/5285017","address":"976 Marginal Moraes","email":"rafaela_braga@gmail.com"},{"id":242,"firstName":"Miguel","lastName":"Franco","avatar":"https://avatars.githubusercontent.com/u/72386066","address":"903 Travessa Albuquerque","email":"miguel_franco82@bol.com.br"},{"id":243,"firstName":"Marcos","lastName":"Reis","avatar":"https://avatars.githubusercontent.com/u/14082597","address":"972 Alameda Helena","email":"marcos.reis58@bol.com.br"},{"id":244,"firstName":"Hugo","lastName":"Oliveira","avatar":"https://avatars.githubusercontent.com/u/80272689","address":"810 Rua Karla","email":"hugo_oliveira87@gmail.com"},{"id":245,"firstName":"Benício","lastName":"Moreira","avatar":"https://avatars.githubusercontent.com/u/22064903","address":"9462 Avenida Vitor","email":"benicio_moreira74@gmail.com"},{"id":246,"firstName":"Matheus","lastName":"Barros","avatar":"https://cdn.jsdelivr.net/gh/faker-js/assets-person-portrait/female/512/10.jpg","address":"78159 Avenida Carlos","email":"matheus_barros37@yahoo.com"},{"id":247,"firstName":"Alícia","lastName":"Albuquerque","avatar":"https://avatars.githubusercontent.com/u/34492357","address":"4254 Rua Macedo","email":"alicia_albuquerque15@live.com"},{"id":248,"firstName":"Enzo Gabriel","lastName":"Braga","avatar":"https://cdn.jsdelivr.net/gh/faker-js/assets-person-portrait/male/512/26.jpg","address":"771 Avenida Frederico","email":"enzogabriel.braga@hotmail.com"},{"id":249,"firstName":"Enzo","lastName":"Oliveira","avatar":"https://avatars.githubusercontent.com/u/64267792","address":"1583 Rua Ígor","email":"enzo_oliveira@bol.com.br"},{"id":250,"firstName":"Lorenzo","lastName":"Silva","avatar":"https://avatars.githubusercontent.com/u/59402778","address":"269 Marginal Melo","email":"lorenzo_silva50@bol.com.br"}]}